customer_tweet_id,customer_time,customer_text,support_tweet_id,support_time,support_text,gold_intent,gold_escalate,gold_escalation_reason,annotation_notes
2621127,2017-11-17 13:15:30+00:00,@115858 @AppleSupport wtf is wrong with your updates. My keyboard and screen all over the place. It took 5 minutes to type this because the camera keeps opening while I type.....,2621125,Fri Nov 17 16:11:35 +0000 2017,"@740612 This isn't what we expect to happen so let's check into this together and get your phone working again. To get started, which exact iOS version is installed? Also, how much available space do you have on your iPhone?",app_or_feature_issue,False,Routine app or feature troubleshooting.,"The problem is tied to a specific Apple app, service, or feature."
2978350,2017-11-17 15:25:18+00:00,My phone is becoming really slow at processing anything pls help @AppleSupport,2978349,Fri Nov 17 17:02:00 +0000 2017,"@755842 We'd love to help with this. DM us more details about the issues you're seeing with slowness. Please make sure to include which exact version of the operating system and which model of iPhone you're using, and we'll get started. https://t.co/GDrqU22YpT",device_performance,False,Routine device troubleshooting.,"The main problem is general device instability, freezing, crashing, restarting, shutdown, lag, or battery behavior."
2645630,2017-11-17 19:03:53+00:00,"Eu sabia que o iPhone 7 descascava, mas o que eu não sabia é que essa porra começa a perder a tinta antes mesmo dos três primeiros meses de uso! @115858 @AppleSupport",2645629,Fri Nov 17 20:01:28 +0000 2017,"@746425 Since our Twitter support is available in English, get help at https://t.co/IBIY3vMgPj or join https://t.co/pvaOFfPbjt",purchase_repair_support,True,"Purchase, repair, replacement, or service requires support.","The customer needs purchase, repair, replacement, warranty, refund, or service support."
2110846,2017-11-17 19:54:25+00:00,"@115858, I will never be convinced that swiping down from the top right is the ideal way to access Control Center. It is profoundly uncomfortable that such an essential part of iOS essentially requires both hands. Please rethink this, for the sake of iPhone's future accessibility.",2110845,Fri Nov 17 20:56:00 +0000 2017,@582048 Thanks for reaching out! We'd recommend leaving that request on our feedback page: https://t.co/eTPVYVFyd8,information_request,False,Routine information request.,The customer is primarily asking for information or instructions.
2638508,2017-11-17 19:54:29+00:00,"@AppleSupport According to my phone, the charger I’ve been using for years now is suddenly “invalid”...? It worked without a hitch before that new update. Just letting you all know it was a problem. Also, don’t misinterpret that. I’m not trying to be condescending.",2638506,Fri Nov 17 21:11:35 +0000 2017,@744650 Let's look into this together. What iOS are you running?,software_update,False,Routine software update troubleshooting.,The message identifies an operating-system update as the main issue or cause.
2639631,2017-11-17 20:33:23+00:00,@AppleSupport i need to delete cc from Wallet/Apple Pay?,2639630,Fri Nov 17 21:40:00 +0000 2017,@744945 Check out this link for the steps to take to remove a card from Apple Pay: https://t.co/qtyk71JfU1,app_or_feature_issue,False,Routine app or feature troubleshooting.,"The problem is tied to a specific Apple app, service, or feature."
2110848,2017-11-18 18:37:12+00:00,"@AppleSupport This didn't help much the trusted ""number"" isn't a SIM card I have anymore",2110850,Sat Nov 18 19:31:29 +0000 2017,"@436865 If you're still having issues, you may need to reach out to our specialized team that handles all things Apple ID:  https://t.co/UJm15vmMM2",account_security,True,Account or security concern.,"The message concerns account access, authentication, suspicious activity, or security."
2652515,2017-11-19 03:33:19+00:00,@AppleSupport I recently bought a physical copy of Taylor Swifts 'Reputation' and it WILL not sync to my phone through my iTunes. WHY?! I'm ready to scream. SOMEONE PLEASE HELP ME.,2652513,Sun Nov 19 03:50:28 +0000 2017,@748072 Help is on the way. What happens when you try to sync? Send us a DM to get started. https://t.co/GDrqU22YpT,app_or_feature_issue,False,Routine app or feature troubleshooting.,"The problem is tied to a specific Apple app, service, or feature."
2686707,2017-11-19 04:11:56+00:00,@AppleSupport you need to fix the issue where the music stops playing by itself I’m getting tired of restarting my phone,2686706,Sun Nov 19 13:37:00 +0000 2017,"@755520 We'd like to see if we can help with this. Does this happen with the Music app or a third-party app? Send us a DM with more information, and we'll continue from there. https://t.co/GDrqU22YpT",app_or_feature_issue,False,Routine app or feature troubleshooting.,"The problem is tied to a specific Apple app, service, or feature."
2688219,2017-11-19 06:16:12+00:00,@AppleSupport The update has taken away my 7’s ability to connect with sprint. Just “searching”. 50 days out of warranty. Help?!,2688218,Sun Nov 19 14:00:32 +0000 2017,@755868 We'd like to help. Let's take this to DM and we'll explore ways to provide you assistance. https://t.co/GDrqU22YpT,purchase_repair_support,True,"Purchase, repair, replacement, or service requires support.","The customer needs purchase, repair, replacement, warranty, refund, or service support."
2680194,2017-11-19 08:28:13+00:00,"Wtf Is this iPhone X nonsense, keeps freezing on me. Speakers rattle when at the highest volume and Snapchat keeps crashing. Didn’t have any of these problems on my Note 5, Fix it @AppleSupport @115858",2680193,Sun Nov 19 14:34:27 +0000 2017,@754081 We'll be glad to help you with what you're experiencing. We know you need to rely on your iPhone X for all your apps and features. Which iOS version do you have installed on your iPhone? Please DM us and we'll work together. https://t.co/GDrqU22YpT,device_performance,False,Routine device troubleshooting.,"The main problem is general device instability, freezing, crashing, restarting, shutdown, lag, or battery behavior."
2679907,2017-11-19 10:10:18+00:00,"Is there any issue with iTunes Server?! After factory reset i am getting this error on my iPad. ""activation information was invalid"". Trying to activate it since 1 day no luck!  :( @AppleSupport https://t.co/XJJa2zBS9C",2679906,Sun Nov 19 14:51:30 +0000 2017,"@754017 We know how important it is to have your iPad activated. Let’s look into this further together. Send us a DM telling us which country you’re located in, and the version of Windows your PC is running. https://t.co/GDrqU22YpT",information_request,False,Routine information request.,The customer is primarily asking for information or instructions.
2980719,2017-11-19 14:30:28+00:00,@AppleSupport loads of music on two dead I pods.. can these be fixed https://t.co/QmRbBHdq5C,2980716,Sun Nov 19 16:00:06 +0000 2017,"@680429 We'll do everything we can to see what options are available to help. Let's continue chatting about this via DM so we can dig in to what's happening in greater detail. Send over more details, including how long this issue has been occurring. https://t.co/GDrqU22YpT",app_or_feature_issue,False,Routine app or feature troubleshooting.,"The problem is tied to a specific Apple app, service, or feature."
689351,2017-11-19 16:03:19+00:00,@AppleSupport If this is my biggest problem with @115858 I’m in good hands lol.  Thanks for quick reply.  I’ll update status after update installs.,689348,Sun Nov 19 16:36:27 +0000 2017,@284723 Sure thing. Keep us posted.,software_update,False,Routine software update troubleshooting.,The message identifies an operating-system update as the main issue or cause.
2695075,2017-11-19 17:27:59+00:00,"@AppleSupport My computer (OS Sierra) has been stuck for weeks updating 11 pictures. I’m on iCloud Photo Library and all the new stuff seems to share, but those 11 are only visible on my computer...? 🤷🏻‍♀️",2695074,Sun Nov 19 18:08:00 +0000 2017,"@757383 For the best assistance with Photos, and your iCloud Photo Library, please reach out to our Advisors here:  https://t.co/IBIY3vMgPj",account_security,True,Account or security concern.,"The message concerns account access, authentication, suspicious activity, or security."
2699831,2017-11-19 20:26:28+00:00,@AppleSupport My music will only play for a second and then won’t play any more.,2699833,Sun Nov 19 20:49:30 +0000 2017,@758477 We've got some questions to help us isolate the issue. Is this happening with streaming or downloaded music? Which iOS version are we working on? You'll find that in Settings &gt; General &gt; About. Please DM us. https://t.co/GDrqU22YpT,app_or_feature_issue,False,Routine app or feature troubleshooting.,"The problem is tied to a specific Apple app, service, or feature."
2699023,2017-11-19 20:28:54+00:00,"@AppleSupport Alright, thank you so much!",2699025,Sun Nov 19 20:50:28 +0000 2017,@758296 You're welcome!,unclear,True,Insufficient information to safely determine the issue.,There is not enough information in the customer message to determine the issue confidently.
2700973,2017-11-19 20:40:55+00:00,@AppleSupport just got a phone call from the Annapolis Md Apple store according to caller id.  telling me my icloud has been breached.  Maybe the store should be made aware of this?  I know it is a scam,2700971,Sun Nov 19 20:50:00 +0000 2017,"@758723 Thanks for bringing this to our attention. For help with reporting these types of attempts, take a look at: https://t.co/LNMCdqt6fD",account_security,True,Account or security concern.,"The message concerns account access, authentication, suspicious activity, or security."
2702169,2017-11-19 20:59:45+00:00,@AppleSupport I’m trying to download the recent app updates in the store and I am asked to enter a billing address when it isn’t a purchase,2702167,Sun Nov 19 21:18:00 +0000 2017,@759009 This can be the expected behavior before updating your software when your device needs to go through a iTunes verification.,purchase_repair_support,True,"Purchase, repair, replacement, or service requires support.","The customer needs purchase, repair, replacement, warranty, refund, or service support."
2704233,2017-11-19 21:59:47+00:00,"The @115858 store at #TheGrove has the worst customer service I’ve EVER experienced in my life! I don’t like to make things racial but a white guy went in the store with the same issue as me, and let’s just say his issue got resolved and mine didn’t.",2704232,Sun Nov 19 22:12:00 +0000 2017,@759514 That is not the experience we want you to have.  Send us a DM letting us know more about what happened. https://t.co/GDrqU22YpT,unclear,True,Insufficient information to safely determine the issue.,There is not enough information in the customer message to determine the issue confidently.
2704246,2017-11-19 22:37:14+00:00,@AppleSupport I️ am using IOS 11,2704248,Sun Nov 19 22:42:50 +0000 2017,@759518 The current version is iOS 11.1.2. The iOS update to 11.1.1 fixed this issue.,unclear,True,Insufficient information to safely determine the issue.,There is not enough information in the customer message to determine the issue confidently.
2981555,2017-11-19 23:35:14+00:00,"@AppleSupport my iPhone is disabled, it says that I have to connect it to iTunes, my laptop broke I don't have a way of doing that, I only have an iPad, I really need my phone",2981554,Sun Nov 19 23:46:54 +0000 2017,"@822343 We want to help. If you're iPhone is in Recovery mode, we'll need access to a computer with iTunes. Do you have any friends or family members with a computer you could use for this? If not, DM us which country you're in and we'll work with you there. https://t.co/GDrqU22YpT",app_or_feature_issue,False,Routine app or feature troubleshooting.,"The problem is tied to a specific Apple app, service, or feature."
2726027,2017-11-20 04:06:04+00:00,this update STILL didn’t fix the “I” problem 🙃🙃 @AppleSupport,2726026,Mon Nov 20 13:13:31 +0000 2017,@628666 We are here to help. Is this when you type or in post others have made?,software_update,False,Routine software update troubleshooting.,The message identifies an operating-system update as the main issue or cause.
2726965,2017-11-20 05:58:39+00:00,I had this beautiful instrumental created from scratch but my computer decided to delete it as I was trying to save it... 3 different times. @115858 this apart of the new update or what?,2726963,Mon Nov 20 13:40:33 +0000 2017,"@764702 We want your computer working for you, and we'll do all we can to help. Let us know what type of Mac and OS you have, and what app you're using, and we'll get started.",information_request,False,Routine information request.,The customer is primarily asking for information or instructions.
2728099,2017-11-20 10:40:52+00:00,"@AppleSupport 
Hello 
I recently ported my phone number from one carrier to another 
I however have been unable to activate iMessages 
I’ve tried all solutions suggested on the Apple website but none have worked.
Please assist 
Thank you",2728097,Mon Nov 20 14:25:01 +0000 2017,@764959 Let's see what we can figure out together. Which version of iOS is installed on your iPhone currently? What errors or messages are you receiving in the process?,app_or_feature_issue,False,Routine app or feature troubleshooting.,"The problem is tied to a specific Apple app, service, or feature."
2639699,2017-11-20 15:27:15+00:00,"@AppleSupport Thank you, just private messaged you.",2639701,Mon Nov 20 15:47:01 +0000 2017,"@744965 We have received your DM and thank you for the time required to share this information with us, we will respond in DM shortly.",unclear,True,Insufficient information to safely determine the issue.,There is not enough information in the customer message to determine the issue confidently.
2729070,2017-11-20 15:55:22+00:00,@AppleSupport My current issue did not shows in the Topic. Please help me to fix MY PHOTO STREAM. My Photo Stream turned blurred.,2729072,Mon Nov 20 16:13:00 +0000 2017,"@527135 If you choose iPhone &gt; iOS &amp; Applications you should be able to select ""The topic is not listed."" to get to the right place.",app_or_feature_issue,False,Routine app or feature troubleshooting.,"The problem is tied to a specific Apple app, service, or feature."
2755788,2017-11-20 21:32:10+00:00,Dont ever buy and Iphone as a personal consumer for their stupid and extremely overpriced smartphone i am the user of iphone from 11 month and it has so many problems that i cant even explain @115858,2755786,Mon Nov 20 21:42:25 +0000 2017,"@771308 Thank you for reaching out to us. Let’s work together to find the best course of action for this issue. To start, what device model are you using and what issue(s) are you experiencing exactly? https://t.co/GDrqU22YpT",unclear,True,Insufficient information to safely determine the issue.,There is not enough information in the customer message to determine the issue confidently.
2730349,2017-11-20 23:08:21+00:00,@AppleSupport iPhone 6,2730351,Mon Nov 20 23:17:00 +0000 2017,@765474 Thanks. Which version of iOS 11 is your device currently running?,unclear,True,Insufficient information to safely determine the issue.,There is not enough information in the customer message to determine the issue confidently.
2263604,2017-11-20 23:37:11+00:00,@AppleSupport Can’t search for developer contact,2263602,Mon Nov 20 23:50:35 +0000 2017,"@622403 If an app you've previously installed is no longer available in the App Store, look for the app in your past purchases to find the app description and developer contact information. Here's a guide with the steps to see your past purchases: https://t.co/aI2ywuA300",information_request,False,Routine information request.,The customer is primarily asking for information or instructions.
2263477,2017-11-21 00:04:21+00:00,"@AppleSupport Thanks for your help! I’ve already tried to restart my iPhone, or running the Music app with/without internet enabled, but no success so far. This only happens when I try to open Music. Other apps run just fine with no freezing or crashing",2263479,Tue Nov 21 00:14:27 +0000 2017,@658939 You've taken some great troubleshooting steps so far. Let's meet up in DM and we'll continue on this from there: https://t.co/GDrqU22YpT,app_or_feature_issue,False,Routine app or feature troubleshooting.,"The problem is tied to a specific Apple app, service, or feature."
2726978,2017-11-21 00:23:40+00:00,@AppleSupport 11.1.2,2726980,Tue Nov 21 00:42:32 +0000 2017,"@764706 Thank you. If we're understanding correctly, alarms that you have set in the Clock app are turning off by themselves. Is that right? Please DM us. https://t.co/GDrqU22YpT",unclear,True,Insufficient information to safely determine the issue.,There is not enough information in the customer message to determine the issue confidently.
2751140,2017-11-21 00:35:14+00:00,@115858 can you fix my i.t bc wtf is an i.t,2751139,Tue Nov 21 00:47:00 +0000 2017,"@770212 Maybe we can help out with that. Meet up with us in DM with what version of iOS you're running, and we'll go through some steps to see about getting that resolved. https://t.co/GDrqU22YpT",app_or_feature_issue,False,Routine app or feature troubleshooting.,"The problem is tied to a specific Apple app, service, or feature."
2756806,2017-11-21 03:10:56+00:00,@237747 @AppleSupport I am having the same issue too. Ughhh,2757481,Tue Nov 21 03:24:39 +0000 2017,@771696 We'd be happy to help. Send us a DM with a few more details. https://t.co/GDrqU22YpT,unclear,True,Insufficient information to safely determine the issue.,There is not enough information in the customer message to determine the issue confidently.
2771866,2017-11-21 06:23:19+00:00,@AppleSupport It’s as if my charger sucks out all the power once it’s fully charged. This can’t be explained now can it?,2771865,Tue Nov 21 13:41:06 +0000 2017,"@774807 We know how important battery life is, and we'd be happy to look into this with you. Can you tell us which iPhone and version of software you're currently using? DM us your reply and we'll get started. https://t.co/GDrqU22YpT",information_request,False,Routine information request.,The customer is primarily asking for information or instructions.
2773256,2017-11-21 08:12:56+00:00,sorry if i lose our streak!!!!! my phone is dumb and reset itself and locked me out of it @AppleSupport EXPLAIN,2773253,Tue Nov 21 14:06:35 +0000 2017,@775113 Hi there! We'd like to help with this issue and need a bit more information. Do you see any messages or alerts on your iPhone screen?,device_performance,False,Routine device troubleshooting.,"The main problem is general device instability, freezing, crashing, restarting, shutdown, lag, or battery behavior."
2773222,2017-11-21 09:15:34+00:00,Beste  @AppleSupport @115858 #Nederland . Is het normaal dat een orginele ipad-mini oplader nog net niet smelt tijdens het opladen ...,2773221,Tue Nov 21 14:10:00 +0000 2017,@775107 We offer support via Twitter in English. Contact us for help in your preferred language here: https://t.co/IBIY3vMgPj,purchase_repair_support,True,"Purchase, repair, replacement, or service requires support.","The customer needs purchase, repair, replacement, warranty, refund, or service support."
2774445,2017-11-21 11:55:29+00:00,hey @115858 could you please help me with an order?,2774444,Tue Nov 21 14:30:00 +0000 2017,@775381 We'd be happy to look into this with you more in detail.  Reach out to us via DM and let us know the order type and we'll continue from there. https://t.co/GDrqU22YpT,purchase_repair_support,True,"Purchase, repair, replacement, or service requires support.","The customer needs purchase, repair, replacement, warranty, refund, or service support."
2776016,2017-11-21 15:46:08+00:00,"@AppleSupport Many apps, one is Starbucks app :)",2776018,Tue Nov 21 16:16:01 +0000 2017,@142965 Thank you. We're not able to duplicate the issue with this particular app. Please DM and tell us if you see the app listed under Settings &gt; Safari &gt; Passwords. https://t.co/GDrqU22YpT,app_or_feature_issue,False,Routine app or feature troubleshooting.,"The problem is tied to a specific Apple app, service, or feature."
2777611,2017-11-21 15:46:45+00:00,@AppleSupport this is iPhone 8 https://t.co/SiaKIYJco6,2777613,Tue Nov 21 16:03:33 +0000 2017,"@776016 Try asking for ""New York City."" Any difference?",unclear,True,Insufficient information to safely determine the issue.,There is not enough information in the customer message to determine the issue confidently.
2782043,2017-11-21 16:51:41+00:00,Every time I try and watch a video on Twitter my phone freezes and crashes. It’s either ios11 or the app. Fix this! @AppleSupport @TwitterSupport,2782042,Tue Nov 21 17:09:00 +0000 2017,@776921 Thanks for contacting us. We'd be happy to help in any way we can. We recommend checking out this link: https://t.co/fUZ0NRJxcn,device_performance,True,Severe device instability.,"The main problem is general device instability, freezing, crashing, restarting, shutdown, lag, or battery behavior."
2780698,2017-11-21 17:06:13+00:00,"@AppleSupport Certainly. iOS 11.1.2. When connected to my car, “phone” and “audio device” continually disconnect then reconnect every few seconds unless actively in use. Experienced same with Airpods today. Connection tone repeatedly chimed. Then tried to make call and they weren’t connected.",2780700,Tue Nov 21 17:19:28 +0000 2017,@776623 Let's take a closer look into this issue. Select the following link to join us in a DM and we'll go from there. https://t.co/GDrqU22YpT,connectivity,False,Routine connectivity troubleshooting.,"The main problem involves Wi-Fi, Bluetooth, cellular, calls, or another connection."
2783357,2017-11-21 17:10:12+00:00,"@AppleSupport Hi Team, I just received an email (in German) stating that an order couldn’t be fulfilled but neither the link for the order no. works nor does a manual entry lead anywhere. It could be a cancelled AppleCare+ order which didn’t work via the Apple Store App.",2783355,Tue Nov 21 17:30:36 +0000 2017,@715343 Thanks for taking the time to reach out. We know it's important to be able to identify legitimate emails and we're here to get you pointed in the right direction. You'll want to review this article for help: https://t.co/LNMCdqt6fD,purchase_repair_support,True,"Purchase, repair, replacement, or service requires support.","The customer needs purchase, repair, replacement, warranty, refund, or service support."
2986785,2017-11-21 17:50:02+00:00,@115858 just to let you know I received these emails which I'm assuming are fake... https://t.co/U2bPSXcEG6,2986784,Tue Nov 21 18:03:51 +0000 2017,"@332603 Thanks for bringing this to our attention. We'd like to go over some information about how to identify legitimate email from us and how to avoid phishing emails. To get started, please use the link below to DM us. We look forward to hearing from you. https://t.co/GDrqU22YpT",information_request,False,Routine information request.,The customer is primarily asking for information or instructions.
2773279,2017-11-21 17:52:37+00:00,@AppleSupport I’m using 11.1. I was recording a new session when I was recording from safari but now that you’ve asked I tried to record the video from safari using the same recording time as I was recording a vid from youtube and it worked for about 5 secs and after that it didn’t have audio,2773281,Tue Nov 21 18:06:30 +0000 2017,"@775121 Try closing all opened windows in Safari. Then test the recording again. If that doesn't work, backup any necessary data on your device, and clear the history and cookies from Safari to test again: https://t.co/KATiqSeE7k",app_or_feature_issue,False,Routine app or feature troubleshooting.,"The problem is tied to a specific Apple app, service, or feature."
2786452,2017-11-21 19:08:05+00:00,@AppleSupport Thanks for your respone this is the current version am running. Everytime am on an app ie social media it will freeze and I will b unable to do anything without closing and reopening the app. It isnt an app issue as it is the same for my homescreen too at times! Plz help! 🙏 thxs https://t.co/jS3YZFNg2h,2786454,Tue Nov 21 19:20:00 +0000 2017,"@777941 Got it. Let's start by closing any apps currently open, then performing a normal restart on the device. This can help with software issues.

How to force an app to close on your iPhone: https://t.co/uyzgez0J6G

Restart your iPhone: https://t.co/d59djUbfjV",device_performance,False,Routine device troubleshooting.,"The main problem is general device instability, freezing, crashing, restarting, shutdown, lag, or battery behavior."
2789214,2017-11-21 19:27:12+00:00,"Uygulamalarıma güncelleme geldi ve ben güncelleyemiyorum. Şehirde yetkili mağaza yok, bölgede yok. Destek hesabı Tr cevap vermiyor vallahi kafayı yiyeceğim @AppleSupport @115858",2789213,Tue Nov 21 19:49:00 +0000 2017,@149701 We offer support via Twitter in English. Contact us for help in your preferred language here: https://t.co/IBIY3vMgPj,software_update,False,Routine software update troubleshooting.,The message identifies an operating-system update as the main issue or cause.
2790651,2017-11-21 20:08:05+00:00,"** APPLE HELP **

My Macbook pro has massively slowed down and worried it is on the verge of dying @AppleSupport - any advice please?! 
#mac #apple #help",2790650,Tue Nov 21 20:25:00 +0000 2017,"@778867 We rely on our Mac to run properly, and we'll do all we can to help. First, can you tell us which macOS version is currently installed? DM us your response, and we'll pick back up there. https://t.co/GDrqU22YpT",device_performance,False,Routine device troubleshooting.,"The main problem is general device instability, freezing, crashing, restarting, shutdown, lag, or battery behavior."
2381404,2017-11-21 23:20:33+00:00,"@AppleSupport Exactly, since the last update the iphone battery is with many problems.",2381406,Tue Nov 21 23:29:29 +0000 2017,@686595 Were you able to check those tips we sent on maximizing performance? Are there any settings that can be adjusted?,software_update,False,Routine software update troubleshooting.,The message identifies an operating-system update as the main issue or cause.
2803473,2017-11-22 01:32:03+00:00,"@AppleSupport Hi, thanks for responding back. I’m currently running 11.1.2",2803471,Wed Nov 22 01:39:00 +0000 2017,@240120 Thanks for keeping your device updated to the latest version. How long ago did you install iOS 11.1.2? Are all your apps updated to the latest software? You can check this under the App Store &gt; Updates tab.,unclear,True,Insufficient information to safely determine the issue.,There is not enough information in the customer message to determine the issue confidently.
2806698,2017-11-22 03:27:07+00:00,"@AppleSupport before i go buy the iphone x, are there any other colors releasing",2806697,Wed Nov 22 03:36:51 +0000 2017,@703584 We appreciate your interest and encourage you to stay up to date on Apple news here: https://t.co/gbIPLOJYQL,purchase_repair_support,True,"Purchase, repair, replacement, or service requires support.","The customer needs purchase, repair, replacement, warranty, refund, or service support."
611252,2017-11-22 04:49:39+00:00,"So the short story is that @AppleSupport is having me pay to replace a defective phone, potentially harmful due to an expanded battery - could explode. Their logic is 'buy a new one or pay to replace the defective one we gave you'.  #Apple https://t.co/Yws2rhEBgI",611251,Wed Nov 22 13:22:36 +0000 2017,"@265331 We'd like to look into this with you. Send us over a DM, and we'll see how we can help. https://t.co/GDrqU22YpT",purchase_repair_support,True,"Purchase, repair, replacement, or service requires support.","The customer needs purchase, repair, replacement, warranty, refund, or service support."
619386,2017-11-22 11:24:45+00:00,@AppleSupport 11.1.2 killed the great sound &amp; battery 8 plus had just 4 weeks ago,619385,Wed Nov 22 14:54:30 +0000 2017,@266978 Thank you for that info. We'd like to look into this further with you. DM us and we'll continue there. https://t.co/GDrqU22YpT,device_performance,False,Routine device troubleshooting.,"The main problem is general device instability, freezing, crashing, restarting, shutdown, lag, or battery behavior."
627951,2017-11-22 13:30:02+00:00,"Hey, @115858 we have a swipe to camera gensture. Why can’t we replace the 3D Touch camera button with something else?",627950,Wed Nov 22 15:12:24 +0000 2017,"@137149 We're glad to help! While it's possible to access the Camera from the Lock screen or Notifications list by swiping left, Apple certainly welcomes suggestions. Here’s a great link to submit your feedback: https://t.co/eTPVYVFyd8",purchase_repair_support,True,"Purchase, repair, replacement, or service requires support.","The customer needs purchase, repair, replacement, warranty, refund, or service support."
629713,2017-11-22 14:21:58+00:00,"WTF is going on with that ant-sized icon, @115858?! 🧐 #Apple #iCloud https://t.co/6mrcmOzbbA",629712,Wed Nov 22 15:44:01 +0000 2017,@269177 That's curious. Does this occur in a particular app? What device does this occur on? Let's meet up in DM. https://t.co/GDrqU22YpT,account_security,True,Account or security concern.,"The message concerns account access, authentication, suspicious activity, or security."
629661,2017-11-22 15:13:34+00:00,@115858 @AppleSupport I have a list of iOS 11 bugs/glitches a@that I would like to share with you. What is the best channel to do so?,629660,Wed Nov 22 15:57:00 +0000 2017,@269160 Hi there. DM us and tell us about the issues you're having and we can take a look. https://t.co/GDrqU22YpT,information_request,False,Routine information request.,The customer is primarily asking for information or instructions.
633863,2017-11-22 16:09:30+00:00,@AppleSupport https://t.co/zq3ugAaBO2,633862,Wed Nov 22 16:35:00 +0000 2017,@270250 We'd like to help get you pointed in the right direction. For billing issues with your account reach out to us here:  https://t.co/SDIe7UiyJN,unclear,True,Insufficient information to safely determine the issue.,There is not enough information in the customer message to determine the issue confidently.
620177,2017-11-22 16:26:28+00:00,"@AppleSupport it just closes unexpectedly, like i️ hit the home button. but i️ don’t hit the home button.",620176,Wed Nov 22 16:47:00 +0000 2017,"@267193 Thanks for confirming. Since the issue first began, has your iPhone been restarted? Also, what version of iOS is running on it? You can find the version number in Settings &gt; General &gt; About. https://t.co/GDrqU22YpT",app_or_feature_issue,False,Routine app or feature troubleshooting.,"The problem is tied to a specific Apple app, service, or feature."
644996,2017-11-22 17:32:20+00:00,"Thanks @115858 for essentially rendering my @273087 DJ setup useless with the latest OS X updates. My USB audio device no longer works properly. I can't even revert back to an older version of OS X either. I have a gig next week, you know. Sincerely, fuck you.",644995,Wed Nov 22 17:59:30 +0000 2017,@273086 We'd like to help you the best way that we can. Let's look into this with more detail. Send us a DM with your macOS version. https://t.co/GDrqU22YpT,software_update,False,Routine software update troubleshooting.,The message identifies an operating-system update as the main issue or cause.
644969,2017-11-22 17:47:56+00:00,"I Wonder When @115858 
Will Fix That [?] ! Glitch... 🤷🏻‍♂️",644968,Wed Nov 22 18:10:27 +0000 2017,@273076 We'd be happy to look into this with you more in detail.  Please reach out to us via DM and we'll get started. https://t.co/GDrqU22YpT,unclear,True,Insufficient information to safely determine the issue.,There is not enough information in the customer message to determine the issue confidently.
110933,2017-11-22 18:36:51+00:00,"@AppleSupport I have a problem when playing some songs that I have downloaded on my iPhone, I can not do it because it sends me to choose an Apole Music plan. Help https://t.co/zVKA3bUcaJ",110932,Wed Nov 22 18:55:32 +0000 2017,@140677 Thank you for showing us that video. Let's see if we can get to the bottom of this. How do you get your music to your iPhone? Is it purchased through the iTunes Store or synced with a computer? How were the songs that won't play placed on your iPhone?,app_or_feature_issue,False,Routine app or feature troubleshooting.,"The problem is tied to a specific Apple app, service, or feature."
637484,2017-11-22 19:31:06+00:00,@AppleSupport Ok thanks,637483,Wed Nov 22 19:39:56 +0000 2017,@271154 You’re welcome. Let us know if you need more help.,unclear,True,Insufficient information to safely determine the issue.,There is not enough information in the customer message to determine the issue confidently.
641974,2017-11-22 20:24:56+00:00,Ok so when is @115858 gonna fix the letter I️ for us,641973,Wed Nov 22 20:42:27 +0000 2017,@272351 We'd like to take a closer look at your keyboard issue. Which device do you have and what's the exact OS version installed on it?,information_request,False,Routine information request.,The customer is primarily asking for information or instructions.
641914,2017-11-22 20:40:11+00:00,"@AppleSupport laptop keeps shutting down during startup, tried a bunch of resets but nothing's working PLS HELP.",641913,Wed Nov 22 20:56:27 +0000 2017,@272334 We'd be happy to look into this with you.  Let us know in DM the type of laptop you have and the resets you've tried and we'll continue from there. https://t.co/GDrqU22YpT,device_performance,False,Routine device troubleshooting.,"The main problem is general device instability, freezing, crashing, restarting, shutdown, lag, or battery behavior."
628000,2017-11-22 22:17:07+00:00,@AppleSupport iPhone 6s. Here are 29 other people in an Apple forum who have the exact same problem https://t.co/zjSN8TPgyc,628002,Wed Nov 22 22:43:31 +0000 2017,@257978 Do you have an issue sharing songs on any other social media site?,unclear,True,Insufficient information to safely determine the issue.,There is not enough information in the customer message to determine the issue confidently.
658041,2017-11-22 23:27:46+00:00,"@AppleSupport iphone 7 plus, 11.1.1, spotify. i’m talking it literally just stopped my music for a PUSH notification that came while my phone was locked.",658043,Wed Nov 22 23:33:27 +0000 2017,@276652 Does this same issue occur if you listen to music with another application?,app_or_feature_issue,False,Routine app or feature troubleshooting.,"The problem is tied to a specific Apple app, service, or feature."
661515,2017-11-23 01:13:49+00:00,@AppleSupport hi send me a charger asap because they break fast thanks x,661514,Thu Nov 23 01:18:00 +0000 2017,@277620 Thanks for reaching out. If you're having an issue we can take a look at your options. DM us your country and we'll take it from there. https://t.co/GDrqU22YpT,purchase_repair_support,True,"Purchase, repair, replacement, or service requires support.","The customer needs purchase, repair, replacement, warranty, refund, or service support."
662807,2017-11-23 01:40:47+00:00,so l charge my phone for an 1hr and a half and my phone died in 45 mins? l see how y’all doing me @115858,662805,Thu Nov 23 01:51:00 +0000 2017,"@277911 We'd like to see how we can help over Twitter. Which model do you have and what's the current iOS version installed on it?

Any steps tried so far?",device_performance,False,Routine device troubleshooting.,"The main problem is general device instability, freezing, crashing, restarting, shutdown, lag, or battery behavior."
662793,2017-11-23 02:13:31+00:00,@AppleSupport 11.1.2,662794,Thu Nov 23 02:32:27 +0000 2017,"@277908 Thanks for that information. Let's verify that your notes are synced and safe at https://t.co/tmRhWE371u. If that is the case, let's delete the Notes app and reinstall it via the App Store. Let us know in DM if this resolves this issue. https://t.co/GDrqU2kzhr",unclear,True,Insufficient information to safely determine the issue.,There is not enough information in the customer message to determine the issue confidently.
668576,2017-11-23 03:46:00+00:00,@AppleSupport WHY TF has been phone been glitching. Like I’m really tired of y’all. I have an iPhone 7 this shit should not be happening.,668575,Thu Nov 23 03:59:27 +0000 2017,@279420 Issue with your iPhone? We can help. DM us with more information and we'll see what we can do to help. https://t.co/GDrqU22YpT,device_performance,False,Routine device troubleshooting.,"The main problem is general device instability, freezing, crashing, restarting, shutdown, lag, or battery behavior."
668535,2017-11-23 04:16:37+00:00,"@AppleSupport Also have a bug where accessing apps from control center (calculator, timer) on lock screen pulls up app for .5 second and then it quits and brings me to the home screen. Works from home screen though.",668534,Thu Nov 23 04:25:04 +0000 2017,@279405 We can tell this issue is getting in your way. We’d like to figure out why this is happening too. DM us and let us know about when this started happening. https://t.co/GDrqU22YpT,app_or_feature_issue,False,Routine app or feature troubleshooting.,"The problem is tied to a specific Apple app, service, or feature."
686908,2017-11-23 04:38:52+00:00,@115858  WHAT IN GOD’S NAME IS THISSSS?!!!!!??? https://t.co/UNpfTktakU,686907,Thu Nov 23 13:32:31 +0000 2017,@284021 We want to help. Meet us in DM with more information about what you are seeing. https://t.co/GDrqU22YpT,unclear,True,Insufficient information to safely determine the issue.,There is not enough information in the customer message to determine the issue confidently.
689355,2017-11-23 08:01:57+00:00,Hi @115858 I think my Bluetooth and WiFi have a mind of their own,689354,Thu Nov 23 14:46:00 +0000 2017,"@284724 We'd like to look into what you're seeing with Bluetooth and Wi-Fi on your device. Could you let us know what you're seeing specifically, and which device this is?",connectivity,False,Routine connectivity troubleshooting.,"The main problem involves Wi-Fi, Bluetooth, cellular, calls, or another connection."
689313,2017-11-23 08:58:18+00:00,"What happens to cellular data plan for Apple Watch Cellular when switching iPhone sim card with a local prepaid card while on vacation? Does it mess with watch cellular settings when switching back to regular ""home"" sim when getting back home?
 @AppleSupport",689311,Thu Nov 23 14:55:00 +0000 2017,@284710 The watch uses its own cellular plan and doesn't rely on the iPhone's service.,connectivity,False,Routine connectivity troubleshooting.,"The main problem involves Wi-Fi, Bluetooth, cellular, calls, or another connection."
695317,2017-11-23 12:15:44+00:00,@AppleSupport after 5 calls with your assistance you still don't understand what my problem is... can you manage to fix it quickly please?,695316,Thu Nov 23 15:49:53 +0000 2017,@285833 We'd like to look into this. Click here to connect with us in DM and provide us with the details: https://t.co/GDrqU22YpT,unclear,True,Insufficient information to safely determine the issue.,There is not enough information in the customer message to determine the issue confidently.
700049,2017-11-23 14:04:24+00:00,@AppleSupport I need help  on a repair and it's been impossible to contact through website. Can we DM? Thx!,700048,Thu Nov 23 16:19:25 +0000 2017,"@287032 We’d be happy to help. To start, send us a DM with more details on how we may assist. https://t.co/GDrqU22YpT",purchase_repair_support,True,"Purchase, repair, replacement, or service requires support.","The customer needs purchase, repair, replacement, warranty, refund, or service support."
700039,2017-11-23 14:14:11+00:00,@AppleSupport how do I view achievements on games like The Room 3 that don’t have a list now that the Game Center app is gone?,700038,Thu Nov 23 16:21:29 +0000 2017,@287027 That's a great question! We'd suggest reaching out to the developer of the app that you'd like to see the stats for to inquire about that. They'll be the best ones to look into that with you.,information_request,False,Routine information request.,The customer is primarily asking for information or instructions.
701667,2017-11-23 15:47:48+00:00,@115858 i have been dealing with the apps crashing nbd but now my screen is spazzing out and hitting wrong letters on the keyboard and i can't scroll through f anything without it clicki@know,701666,Thu Nov 23 16:55:33 +0000 2017,@287519 We're here to assist.  Please reach out to us via DM and we'll get started. https://t.co/GDrqU2kzhr,app_or_feature_issue,False,Routine app or feature troubleshooting.,"The problem is tied to a specific Apple app, service, or feature."
704590,2017-11-23 17:10:25+00:00,@AppleSupport I use to love love my phone! Every time you people update my phone is a piece of crap!!! Is there a way I can back date my phone to it's original IOS! I will never buy Apple again! I been with Apple since the first iPhone! Apple died with Steve! I will move!,704589,Thu Nov 23 18:05:00 +0000 2017,"@288383 We'd like to help, but we'll need more details about what's happening on your iPhone. Also, which model do you have and what's the exact iOS version number installed? Send us a DM with the details: https://t.co/GDrqU22YpT",software_update,False,Routine software update troubleshooting.,The message identifies an operating-system update as the main issue or cause.
112893,2017-11-23 20:38:11+00:00,"@AppleSupport If you attempt to add an item to your bag, i.e. iPhone, iPad etc - it comes up with this! https://t.co/6tFZFMfoJf",112895,Thu Nov 23 21:21:24 +0000 2017,@141096 That can appear when the Store is being updated. U.S.A. Thanksgiving weekend is a typically large shopping period and the Store is being changed ahead of this. Please check again later or contact local Sales Advisors here: https://t.co/ZAR4CvbiBa,purchase_repair_support,True,"Purchase, repair, replacement, or service requires support.","The customer needs purchase, repair, replacement, warranty, refund, or service support."
61350,2017-11-23 22:07:28+00:00,@AppleSupport Why is the Apple Store down? 😊,117935,Thu Nov 23 22:24:00 +0000 2017,@142154 Hello! Are you trying to access the Online Apple Store?,unclear,True,Insufficient information to safely determine the issue.,There is not enough information in the customer message to determine the issue confidently.
119479,2017-11-23 22:22:42+00:00,@AppleSupport I keep getting this error message for about half the songs I try to play on @115948 what do I do? Thanks! https://t.co/MPGLNlA72u,119478,Thu Nov 23 22:35:26 +0000 2017,@142507 We'll do all we can to help out. Are these songs that were downloaded to the device for offline play or are they added to your iCloud Music Library for streaming? Has there been any change in the iTunes Store region or are you not currently physically in that region?,app_or_feature_issue,False,Routine app or feature troubleshooting.,"The problem is tied to a specific Apple app, service, or feature."
119450,2017-11-23 22:43:08+00:00,"@AppleSupport: New #iPhoneX. iOS 11.1.2 update. Phone app literally will not open. Cannot access call history, my voicemail or make a call. #WTF",119449,Thu Nov 23 22:54:53 +0000 2017,"@142502 That's not the experience we want you to have with your new iPhone X and we'd like to help. To start, DM us with the country where you're located. We look forward to working with you to resolve this. https://t.co/GDrqU22YpT",software_update,False,Routine software update troubleshooting.,The message identifies an operating-system update as the main issue or cause.
120685,2017-11-23 22:47:50+00:00,@AppleSupport you guys have racists working for you in NC https://t.co/lq8uAJoR8F you should maybe talk to dave nelson from summerfield.,120684,Thu Nov 23 22:59:55 +0000 2017,@142834 Thanks for reaching out. DM us more info about your experience and we'll get you to the right spot. https://t.co/GDrqU22YpT,purchase_repair_support,True,"Purchase, repair, replacement, or service requires support.","The customer needs purchase, repair, replacement, warranty, refund, or service support."
122303,2017-11-24 00:20:20+00:00,"@AppleSupport, I completed a 3.7 mile walk workout today but didn’t get my Thanksgiving achievement. https://t.co/1CeL6XH6z6",122301,Fri Nov 24 00:25:26 +0000 2017,"@143271 Congrats on completing the activity! We have an article that addresses Activity Badges, https://t.co/xwf6lrIgzJ

Keep in mind, if you complete an achievement, but don't earn the award.
You will earn the award within 9 days of completing the Activity Challenge.",app_or_feature_issue,False,Routine app or feature troubleshooting.,"The problem is tied to a specific Apple app, service, or feature."
146713,2017-11-24 07:35:17+00:00,3x this week my alarm has not gone off and I’ve nearly been late to work but I’ve changed absolutely nothing and it’s been set properly... @AppleSupport explain?,146711,Fri Nov 24 14:10:28 +0000 2017,"@149307 We certainly don't want you missing out on anything, so it's important for your alarms to work as expected. If they aren't, go ahead and let us know which iOS version you have installed under Settings &gt; General &gt; About.",app_or_feature_issue,False,Routine app or feature troubleshooting.,"The problem is tied to a specific Apple app, service, or feature."
146740,2017-11-24 07:48:40+00:00,@AppleSupport I’m trying to buy the iPhone X but the site won’t let me buy it says we’re updating a few things,146739,Fri Nov 24 14:06:00 +0000 2017,@149317 We're sorry to hear you're having an issue with your order. Our Sales Support team would be happy to assist you. You can reach out to them directly at https://t.co/8yjRd1Xo0i .,purchase_repair_support,True,"Purchase, repair, replacement, or service requires support.","The customer needs purchase, repair, replacement, warranty, refund, or service support."
146638,2017-11-24 08:22:55+00:00,@AppleSupport I updated my Apple ID to an iCloud address and PayPal is no longer available as a payment option in the iTunes &amp; App Store settings. Is this connected? I’m in the UK.,146636,Fri Nov 24 14:20:35 +0000 2017,@149286 Let's get to the bottom of this together. Are you part of a Family Sharing group? Did you make any other changes to your Apple ID?,account_security,True,Account or security concern.,"The message concerns account access, authentication, suspicious activity, or security."
146553,2017-11-24 08:36:52+00:00,@115858 @4792 CarPlay and iPhoneX and the 2017 M240i don‘t work together. When is a fix for that coming?,146551,Fri Nov 24 14:27:37 +0000 2017,"@149262 We'd like to help you get CarPlay working. Try following the ""Get help"" steps here: https://t.co/pg90dhXKAJ Let us know if you still need help.",connectivity,False,Routine connectivity troubleshooting.,"The main problem involves Wi-Fi, Bluetooth, cellular, calls, or another connection."
151418,2017-11-24 14:54:07+00:00,"Ok, @AppleSupport, you're officially losing a customer. My iPhone 6s is useless since the ios update. Battery is dead within a couple hours. Why does this happen every time you update ios? So sick of this. I now have a useless phone.",151416,Fri Nov 24 15:53:32 +0000 2017,@126844 Let's work together on a solution to get your iPhone working properly again. Meet us in DM with your current iOS version to get started. https://t.co/GDrqU22YpT,software_update,False,Routine software update troubleshooting.,The message identifies an operating-system update as the main issue or cause.
174148,2017-11-24 22:56:45+00:00,"iPhone X has a clicking noise on right side of phone 

@115858 @AppleSupport help",174146,Fri Nov 24 23:10:52 +0000 2017,@156809 Hi. We want to make sure your new iPhone X is not having any issues. Can you let us know if this is a button? Where does the sound seem to originate from? Send us a DM. https://t.co/GDrqU22YpT,purchase_repair_support,True,"Purchase, repair, replacement, or service requires support.","The customer needs purchase, repair, replacement, warranty, refund, or service support."
177807,2017-11-25 01:06:34+00:00,My sister was able to unlock my phone using Face ID.... I thought those odds were supposed to be like 1 in a million. Wtf @115858,177806,Sat Nov 25 01:22:26 +0000 2017,"@157881 We’d like to learn more about this. Please DM us some details, including which exact version of iOS your using and we’ll take a look. https://t.co/GDrqU22YpT",account_security,True,Account or security concern.,"The message concerns account access, authentication, suspicious activity, or security."
177809,2017-11-25 01:08:35+00:00,@AppleSupport There might be a bug or flaw in iPhone X and Bluetooth. Keeps disconnecting from my car if not streaming sound from iPhone (ie if the phone is connected but listening to radio...disconnects from car after a minute or so). It’s highly distracting while driving,177808,Sat Nov 25 01:22:00 +0000 2017,@157882 We want to help! How long have you been having these issues? Do you have the most recent version of iOS 11.1.2 downloaded? https://t.co/GDrqU22YpT,connectivity,False,Routine connectivity troubleshooting.,"The main problem involves Wi-Fi, Bluetooth, cellular, calls, or another connection."
225113,2017-11-25 03:34:22+00:00,@AppleSupport I have not. I'll try resetting it and use it for a bit and get back to you.,225114,Sat Nov 25 03:39:00 +0000 2017,"@169776  We will be standing by. If you do need us, send us a DM. https://t.co/GDrqU22YpT",device_performance,False,Routine device troubleshooting.,"The main problem is general device instability, freezing, crashing, restarting, shutdown, lag, or battery behavior."
352996,2017-11-25 04:11:19+00:00,@AppleSupport why won't my iPhone 6plus update? I have tried multiple times. https://t.co/7B46C2Pn9r,352995,Sat Nov 25 04:31:52 +0000 2017,@199928 Thanks for reaching out to us for support. We would love to help you. Please DM us so that we can look into this together. https://t.co/GDrqU22YpT,software_update,False,Routine software update troubleshooting.,The message identifies an operating-system update as the main issue or cause.
1913104,2017-11-25 09:47:35+00:00,@AppleSupport My activity app is showing last month’s workouts on this month’s challenge - not this month’s workouts. It’s been on 31 since the November challenge appeared. Please advise. https://t.co/4glTy2xrg7,1913103,Sat Nov 25 14:15:54 +0000 2017,"@569858 We appreciate you taking the time to reach out to us about the November achievement! You're doing great, and we want to make sure your exercise is counted, so let's work together on this. First, restart both the Apple Watch and the iPhone and DM us how it goes. https://t.co/GDrqU22YpT",app_or_feature_issue,False,Routine app or feature troubleshooting.,"The problem is tied to a specific Apple app, service, or feature."
1220420,2017-11-25 19:29:21+00:00,"@AppleSupport Also does the phone come sim card free? When I get the phone, do I need to get a sim card from vodafone etc? How does it work? Thanks!",1220418,Sat Nov 25 19:39:30 +0000 2017,@406336 Great question! To make sure we can provide accurate information. Where will be purchasing your iPhone X?,information_request,False,Routine information request.,The customer is primarily asking for information or instructions.
2607636,2017-11-25 23:32:37+00:00,@116333 fix iOS 11. NOTHING works.,2607635,Sat Nov 25 23:41:30 +0000 2017,"@737649 We'd love to work wit you and get everything working again, DM us which device and version of iOS 11 you're currently using and we'll get started. https://t.co/GDrqU22YpT",software_update,False,Routine software update troubleshooting.,The message identifies an operating-system update as the main issue or cause.
1469464,2017-11-26 01:45:00+00:00,"@AppleSupport I’m not sure what DMing would achieve. My battery is working fine hardware wise.. i have noticed the problem since updating to the latest iOS, I have Bluetooth off and other battery draining processes and the only fix is a better update.",1469463,Sun Nov 26 02:04:00 +0000 2017,"@461061 Since battery life can vary dramatically based on a number of factors, and it's certainly not expected behavior to experience consistently diminished battery life after updating. We'd like to look into this further with you in DM here: https://t.co/GDrqU22YpT",software_update,False,Routine software update troubleshooting.,The message identifies an operating-system update as the main issue or cause.
2210743,2017-11-26 08:39:31+00:00,Bon en fait la batterie de l’iphone 8 c’est autant une merde que l’iphone 6 que j’avais avant c’est ça le concept @AppleSupport ?,2210742,Sun Nov 26 14:18:28 +0000 2017,@646164 We offer support via Twitter in English. Contact us for help in your preferred language here: https://t.co/IBIY3vMgPj,device_performance,False,Routine device troubleshooting.,"The main problem is general device instability, freezing, crashing, restarting, shutdown, lag, or battery behavior."
2240844,2017-11-26 11:36:38+00:00,Hello @AppleSupport est-ce normal que je n'arrive pas a avoir accès à mon suivis de commande ? Merci ! 😊,2240843,Sun Nov 26 14:58:30 +0000 2017,@653340 We offer support via Twitter in English. Contact us for help in your preferred language here: https://t.co/0PATYGSGKU,purchase_repair_support,True,"Purchase, repair, replacement, or service requires support.","The customer needs purchase, repair, replacement, warranty, refund, or service support."
2291652,2017-11-26 14:24:50+00:00,@AppleSupport why won’t screen record turn off?! It almost bricked my phone.. it turns on but not off no matter how many times I press stop.,2291651,Sun Nov 26 15:51:00 +0000 2017,@665553 We'd like to look into this with you. Send us a DM by clicking on the link below. We'll continue there. https://t.co/GDrqU22YpT,app_or_feature_issue,False,Routine app or feature troubleshooting.,"The problem is tied to a specific Apple app, service, or feature."
2410106,2017-11-26 17:49:24+00:00,@AppleSupport iPhone 7 Plus and iOS 11.1.2,2410104,Sun Nov 26 18:11:53 +0000 2017,"@692943 Great! Thanks for confirming that for us. Next, does your volume mute randomly, when using a particular app, or when performing a specific action?",unclear,True,Insufficient information to safely determine the issue.,There is not enough information in the customer message to determine the issue confidently.
2683417,2017-11-26 22:31:21+00:00,"Tell me why @115858 has all my life’s pictures in iPhoto and after 2+ hours of updates, the iPhoto update “isn’t available in the U.S.” and I can’t access any of them",2683415,Sun Nov 26 22:37:29 +0000 2017,@754776 We can help you with this. iPhoto was discontinued in OS X 10.10.3 but we introduced the new Photos app around then. Your photos will automatically be in the new app. Check out this link for tips on that transition: https://t.co/BVAiBFlhYD,software_update,False,Routine software update troubleshooting.,The message identifies an operating-system update as the main issue or cause.
2815633,2017-11-27 02:36:38+00:00,disappointed with @115858 and their software updates on the i phones....Anyone else having issues with Spotify and so on? Considering switching to another company,2815632,Mon Nov 27 02:49:51 +0000 2017,@784965 We can help. Let us know more about what's happening with Spotify in DM. https://t.co/GDrqU22YpT,app_or_feature_issue,False,Routine app or feature troubleshooting.,"The problem is tied to a specific Apple app, service, or feature."
2817215,2017-11-27 03:33:45+00:00,@AppleSupport My BT headphones and speakers have almost zero volume when I connect to my iPhone 7. It worked b4 the 11.1 update and hasn’t worked since. When RU gonna release a friggin’ fix?!,2817213,Mon Nov 27 03:46:00 +0000 2017,"@785336 We know how important it is to have volume on your Bluetooth devices and we're happy to help. To start, we'd recommend creating a backup and updating to iOS version 11.1.2. Here's how: https://t.co/ahjigcvFRG DM us with questions. https://t.co/GDrqU22YpT",information_request,False,Routine information request.,The customer is primarily asking for information or instructions.
2831736,2017-11-27 05:34:07+00:00,@115858 you guys need to fix iOS 11 for the 7plus my phone keeps freezing and I’m tired of restarting my phone.,2831735,Mon Nov 27 13:40:31 +0000 2017,"@788437 We'd be happy to look into this with you more in detail.  Please reach out to us via DM, and we'll get started. https://t.co/GDrqU22YpT",device_performance,False,Routine device troubleshooting.,"The main problem is general device instability, freezing, crashing, restarting, shutdown, lag, or battery behavior."
2834435,2017-11-27 09:54:03+00:00,@AppleSupport is this a scam email or legit? I havnt got an apple product. Didnt want to click link incase a scam but worried incase try take money from my account. https://t.co/dXkjEK6UGJ,2834434,Mon Nov 27 14:26:27 +0000 2017,"@587230 Thanks for reaching out, we would love to help. If you click on the 'Sender' field, what is the actual email address?",account_security,True,Account or security concern.,"The message concerns account access, authentication, suspicious activity, or security."
2840389,2017-11-27 16:15:08+00:00,"How do I unlock MacBook if I’ve forgotten my password?? Any help is welcome, pleaseeee! @AppleSupport @156471",2840387,Mon Nov 27 16:22:30 +0000 2017,@790411 We'd love to help you gain access to your MacBook again. Check out this link for help with resetting your password: https://t.co/HvfRwsrSru Let us know the result.,account_security,True,Account or security concern.,"The message concerns account access, authentication, suspicious activity, or security."
2866164,2017-11-28 00:26:08+00:00,My alarm doesn't work anymore. @AppleSupport  what's going on. I'm annoyed,2866163,Tue Nov 28 00:35:06 +0000 2017,"@796067 Thank you for reaching out. We're here to help. To get started, what is your current iOS version? Also, when did you notice this start?",app_or_feature_issue,False,Routine app or feature troubleshooting.,"The problem is tied to a specific Apple app, service, or feature."
2837170,2017-11-28 00:42:27+00:00,"@AppleSupport I think it first happened after I updated to iOS 11.1, I cannot reproduce it whenever though. Also, it never happens when I’m attaching my iPad Pro to the smart keyboard.",2837172,Tue Nov 28 00:48:55 +0000 2017,@789660 Which iOS version is your iPad using in Settings &gt; General &gt; About? Do you have Orientation Lock turned on? https://t.co/42YQu2SoDY,information_request,False,Routine information request.,The customer is primarily asking for information or instructions.
2873384,2017-11-28 03:53:26+00:00,"Okay @115858
Y did my iPhone X freeze??? Fix it",2873383,Tue Nov 28 03:59:28 +0000 2017,@288802 We'd love to help. DM us at the link below for further assistance. https://t.co/GDrqU22YpT,device_performance,False,Routine device troubleshooting.,"The main problem is general device instability, freezing, crashing, restarting, shutdown, lag, or battery behavior."
2889467,2017-11-28 06:31:59+00:00,@AppleSupport When are we going to see the battery issue with iOS11 fixed? It seems to be getting worse every time you patch. Currently need to carry a charger if I want it to last a day...,2889466,Tue Nov 28 13:57:00 +0000 2017,@801128 Having reliable battery life is important! Let’s see what we can find out about yours. This article will explain how to maximize your battery life: https://t.co/bivpdfBNJ6 Let us know if you notice any change after testing for a few days.,software_update,False,Routine software update troubleshooting.,The message identifies an operating-system update as the main issue or cause.
2890750,2017-11-28 10:02:30+00:00,@AppleSupport I need to force my iPhone X to power off because the screen has frozen. Again. How do I do this?,2890749,Tue Nov 28 14:23:00 +0000 2017,"@801413 We're happy to assist. Press and quickly release the Volume Up button. Then, press and hold the Side button until you see the Apple logo.  DM us back. https://t.co/GDrqU22YpT",information_request,False,Routine information request.,The customer is primarily asking for information or instructions.
2892119,2017-11-28 12:50:08+00:00,"@AppleSupport Folks... i wanted to buy iphone X, but the online portal doesn't allow me to buy without selecting a carrier. I wanted to buy a unlocked phone to be able to use on any  network. Please suggest me on the options to buy. I'm planning to pick on in Dallas,TX storre",2892117,Tue Nov 28 14:49:00 +0000 2017,"@801678 For the best assistance in purchasing an iPhone X, or any Apple products, please reach out to our Advisors here: https://t.co/8yjRd1Xo0i",purchase_repair_support,True,"Purchase, repair, replacement, or service requires support.","The customer needs purchase, repair, replacement, warranty, refund, or service support."
2901917,2017-11-28 18:20:48+00:00,@AppleSupport cannot upload any via IG. When attempting to text or email or share photos the message above appears.  This occurred before last update. Seemed to be fixed. But now photos taken prior to update with phone show this error. https://t.co/KAStiBxDwZ,2901915,Tue Nov 28 18:37:33 +0000 2017,"@803779 If you go to Settings &gt; Battery and disable Low Power Mode, do you continue to see the same message when trying to share?",information_request,False,Routine information request.,The customer is primarily asking for information or instructions.
2917323,2017-11-28 23:45:56+00:00,@AppleSupport Is MacOS High Sierra compatible with Fusion Drives yet? I've been holding off on updating my late 2014 iMac...,2917321,Tue Nov 28 23:54:26 +0000 2017,@807480 We'd like to help. Here's more about fusion drive: https://t.co/WS6q8gPMqr,information_request,False,Routine information request.,The customer is primarily asking for information or instructions.
2814565,2017-11-29 00:23:38+00:00,"@115858 @AppleSupport NOW MY PHONE CRASHES WTF 😡😡😡 
IM SO MAD UGH",2918889,Wed Nov 29 00:34:24 +0000 2017,"@784690 We can help. Meet us in DM with details of when the device powers off and if you are able to power back on, please. https://t.co/GDrqU22YpT",device_performance,False,Routine device troubleshooting.,"The main problem is general device instability, freezing, crashing, restarting, shutdown, lag, or battery behavior."
2943312,2017-11-29 08:13:19+00:00,"@AppleSupport Hello there, my iPhoto Library doesn't synch to iCloud (I've got more than 6000 elements stuck for the last 72 hours, zero upload) Can you please help?
Thanks",2943311,Wed Nov 29 14:36:02 +0000 2017,@813128 We can get you to the right place for help. Reach out to our iCloud Photo experts here: https://t.co/IBIY3vMgPj,account_security,True,Account or security concern.,"The message concerns account access, authentication, suspicious activity, or security."
2944496,2017-11-29 10:14:23+00:00,"The ROOT user does NOT have a password! Type root into ANY 'locked' box and click on the password text box, then click 'Okay'. I'm currently logged into my Macbook AS ROOT @115858 @AppleSupport",2944495,Wed Nov 29 14:53:08 +0000 2017,@813401 Hey! Meet up with us in Direct Message at the link below. We'd love to provide you more guidance on this today. https://t.co/GDrqU22YpT,account_security,True,Account or security concern.,"The message concerns account access, authentication, suspicious activity, or security."
2908041,2017-11-29 13:50:15+00:00,"@AppleSupport Hi, thanks. Yes, I have received an email confirming the request and that it’s ready for recovery. I follow the steps, enter my security info and enter the code sent via text msg. It then says info on how to recover the account will be texted to me but I don’t receive anything.",2908043,Wed Nov 29 15:58:33 +0000 2017,@805162 Thanks for the additional info. Let's take a closer look into this in DM. Send us a message and we'll follow up there. https://t.co/GDrqU22YpT,account_security,True,Account or security concern.,"The message concerns account access, authentication, suspicious activity, or security."
2948242,2017-11-29 16:10:38+00:00,"What is ""Others"" on my Macbook storage and how I get rid of it? @115858 #Macbook #Help #appleteacher",2948241,Wed Nov 29 16:35:30 +0000 2017,"@814254 We'd be happy to help. The ""Other"" that you're seeing, are files that the Mac does not recognize so it can not put them into any of the other category: https://t.co/gDZTXCKZI2

You can free up storage using this article: https://t.co/oZ7w05bltX",information_request,False,Routine information request.,The customer is primarily asking for information or instructions.
2945663,2017-11-29 16:24:03+00:00,@AppleSupport I tried this steps and it says it’s not eligible,2945665,Wed Nov 29 16:37:56 +0000 2017,@813652 Reaching out to our iTunes Store team is the next then. You can reach them at this link:  https://t.co/SDIe7UiyJN,unclear,True,Insufficient information to safely determine the issue.,There is not enough information in the customer message to determine the issue confidently.
2949605,2017-11-29 16:24:53+00:00,@AppleSupport Have received an odd email with links that I can't tell if they are legit or not.  I do not own iPhone which could be a clue.  But if someone compromised my account elsewhere maybe?  Looking for your thoughts. https://t.co/vC6HyKAFAq,2949604,Wed Nov 29 16:48:27 +0000 2017,@134587 It's possibly a phishing attempt. You can find out more about those here: https://t.co/LNMCdqt6fD,information_request,False,Routine information request.,The customer is primarily asking for information or instructions.
2950992,2017-11-29 16:58:44+00:00,just plugged in my phone to charge and it won’t stop vibrating from charging to not charging and back to charging again - I took it off the charger a minute ago @AppleSupport,2950990,Wed Nov 29 17:13:30 +0000 2017,"@237227 We know how important it is to have your iPhone charging. Let’s look into this further. Were you charging using the lightning to USB cable and power adapter, or through the USB port on a computer? Also, is it still vibrating as if it’s trying to charge at this time?",device_performance,False,Routine device troubleshooting.,"The main problem is general device instability, freezing, crashing, restarting, shutdown, lag, or battery behavior."
2952372,2017-11-29 18:13:43+00:00,@AppleSupport iOS 11.1.2 and yes I also have a passcode,2952374,Wed Nov 29 18:35:57 +0000 2017,"@815210 We'd recommend setting up Face ID on your iPhone X again. If you continue to experience the same behavior, please let us know. This article can help with how to set up Face ID: https://t.co/lDcNYSCMiX",unclear,True,Insufficient information to safely determine the issue.,There is not enough information in the customer message to determine the issue confidently.
2962925,2017-11-29 21:12:30+00:00,@115858 y’all really trying it! Why is my my phone changing it to I.t? Mad annoying.,2962923,Wed Nov 29 21:22:00 +0000 2017,"@817573 We're happy to help. To start, what version of iOS are you running? Let us know and we'll get started.",app_or_feature_issue,False,Routine app or feature troubleshooting.,"The problem is tied to a specific Apple app, service, or feature."
177837,2017-11-29 21:17:29+00:00,@AppleSupport I've updated my phone and its starting to lag. not to mention it drains my battery,177839,Wed Nov 29 21:28:00 +0000 2017,@157890 Let's take this conversation to DM.  Which country are you located in? https://t.co/GDrqU22YpT,software_update,False,Routine software update troubleshooting.,The message identifies an operating-system update as the main issue or cause.
2972479,2017-11-30 01:10:58+00:00,"@AppleSupport Been trying to log into my apple id/iCloud and have been getting ""There has been an error connecting to the server"" every single time.. ?",2972478,Thu Nov 30 01:16:00 +0000 2017,"@819837 Let's take a closer together look to get iCloud set up on your device. Which model do you have and what's the exact OS version number installed?

When did this start and any steps tried since?",account_security,True,Account or security concern.,"The message concerns account access, authentication, suspicious activity, or security."
2972494,2017-11-30 01:16:07+00:00,@115858 @AppleSupport it’s has been 2 Days and still no help resetting my password. Why is it this hard?,2972493,Thu Nov 30 01:24:57 +0000 2017,@819842 We know how important it is to be able to access your account. Reach out to our account security team. They will be able to help look into this with you. You can reach them here: https://t.co/UJm15vmMM2,account_security,True,Account or security concern.,"The message concerns account access, authentication, suspicious activity, or security."
82055,2017-11-30 04:27:03+00:00,@AppleSupport why am I still seeing this for the I character. I’ve updated my phone to last iOS software. Fix it y’all. https://t.co/ap5rsvht7M,82054,Thu Nov 30 13:15:57 +0000 2017,@134160 Hi there. We can definitely look into this with you. Are you seeing this character when you're typing on your iPhone or are you seeing it in messages or social media posts?,software_update,False,Routine software update troubleshooting.,The message identifies an operating-system update as the main issue or cause.
87214,2017-11-30 07:19:18+00:00,@AppleSupport i signed out of my apple id on my phone &amp; when i signed back in tons of my music wasnt in my library/no longer downloaded &amp; my playlists were gone. i have an apple music membership. everything on my computer stayed the same however. how do i get it back to normal??,87213,Thu Nov 30 14:14:32 +0000 2017,@135091 We received your DM and We'll respond there shortly. Talk to you soon!,account_security,True,Account or security concern.,"The message concerns account access, authentication, suspicious activity, or security."
92807,2017-11-30 12:37:25+00:00,"@116333 the @115858 customer service is about the worst I have ever experienced, 2 weeks had my money, no device, useless!! @AppleSupport",92805,Thu Nov 30 15:15:00 +0000 2017,"@136102 We know how important it is to have your device. Please send us a DM, let us know what’s happening, and we’ll see how we can help. https://t.co/GDrqU22YpT",purchase_repair_support,True,"Purchase, repair, replacement, or service requires support.","The customer needs purchase, repair, replacement, warranty, refund, or service support."
92688,2017-11-30 13:26:28+00:00,"Is this incomplete display rendering related? Bogus Guest user won’t accept any password I use on this box. Even after ‘sudo passwd Guest’. Who is this fake “Guest” and why can’t I make it go away, @115858 ? https://t.co/k8Nd4maJbT",92687,Thu Nov 30 15:29:04 +0000 2017,"@136068 Thanks for reaching out. We'd like to look into this with you. If you restart the machine, does the account remain? What is your macOS version? Please join us in DM. https://t.co/GDrqU22YpT",account_security,True,Account or security concern.,"The message concerns account access, authentication, suspicious activity, or security."
94899,2017-11-30 14:37:12+00:00,Halo. @AppleSupport it's stuck on this screen no matter how many times I click anything so I can't turn it off to fix it 🤔 https://t.co/4YyjgRAoC2,94898,Thu Nov 30 15:47:32 +0000 2017,"@136629 Hey there, let's try force restarting your iPhone to see if anything changes. This link should help: https://t.co/8MvHMFZ83h",device_performance,False,Routine device troubleshooting.,"The main problem is general device instability, freezing, crashing, restarting, shutdown, lag, or battery behavior."
90565,2017-11-30 15:17:48+00:00,"@AppleSupport IT Just keeps asking me for my password multiple times, to log in to my account and just keeps loading for a long time without downloading",90567,Thu Nov 30 16:18:29 +0000 2017,"@135599 Thanks. Since this started have you restarted your iPhone at all? If not, let's do that now. Does the issue continue?",account_security,True,Account or security concern.,"The message concerns account access, authentication, suspicious activity, or security."
97040,2017-11-30 16:21:53+00:00,@AppleSupport I take back my ihy. It keeps turning off around 10-15% and keeps crashing when I’m trying to switch from apps :/ I had to format my phone like 3 times already 👀,97042,Thu Nov 30 16:49:29 +0000 2017,@137183 We'd be happy to assist with that today. Send us a DM to get started. https://t.co/GDrqU22YpT,device_performance,False,Routine device troubleshooting.,"The main problem is general device instability, freezing, crashing, restarting, shutdown, lag, or battery behavior."
87167,2017-11-30 16:31:56+00:00,"@AppleSupport Yes I know, I’ve been able to do that then it stopped working &amp; I’m not sure why",87168,Thu Nov 30 16:57:02 +0000 2017,"@135074 Without troubleshooting the issue, we're unable to determine why this has happend. If it does again, reach out to us and let us know. We'll take it from there.",unclear,True,Insufficient information to safely determine the issue.,There is not enough information in the customer message to determine the issue confidently.
98845,2017-11-30 16:43:08+00:00,@AppleSupport  I never use Live Photo mode and I don’t intend to. Why does it sporadically keep getting turned back on in camera?,98843,Thu Nov 30 17:06:00 +0000 2017,@137635 We want to help. Live Photos is on by default on your iPhone 6s and later. You can tun off Live Photos in the Camera app and then preserve your Camera settings so that Live Photos is always on or off. Go to Settings &gt; Camera &gt; Preserve Settings.,app_or_feature_issue,False,Routine app or feature troubleshooting.,"The problem is tied to a specific Apple app, service, or feature."
445984,2017-11-30 18:33:26+00:00,if you texted me today and it says I read and I didn't answer. I'm (probably) not ignoring you. My phone decided to have every single app not work and crash immediately every time I try to use it. Thanks @AppleSupport,445983,Thu Nov 30 18:50:49 +0000 2017,@220621 That's not the type of experience that we'd like for you to have while using your phone. Click here to continue with us in DM and we'll do everything that we can to get this sorted: https://t.co/GDrqU22YpT,device_performance,True,Severe device instability.,"The main problem is general device instability, freezing, crashing, restarting, shutdown, lag, or battery behavior."
449546,2017-11-30 20:29:58+00:00,"@AppleSupport Why have I been asked (and installed) this security update, twice, in two days? Did the first one not work? If so why is the number not different? https://t.co/QB2Nda8yiV",449543,Thu Nov 30 20:46:00 +0000 2017,@221540 We'd be happy to look into this with you. Have you restarted the App Store since this has appeared?,account_security,True,Account or security concern.,"The message concerns account access, authentication, suspicious activity, or security."
450388,2017-11-30 21:32:04+00:00,@AppleSupport I tried all of the help pages before coming here. If I can’t get it to work I will have to speak to advisor tomorrow .. thanks,450390,Thu Nov 30 21:45:00 +0000 2017,@221762 Got it. Feel free to send us a DM if you'd like us to work on this with you. https://t.co/GDrqU22YpT,unclear,True,Insufficient information to safely determine the issue.,There is not enough information in the customer message to determine the issue confidently.
451421,2017-11-30 21:41:18+00:00,@115858 whats is going on every update i do my battery life last 5 minutes?? Can you explain this??,451419,Thu Nov 30 21:51:00 +0000 2017,"@222046 Battery life is important so let's see what is happening there.  We would like to help, but can you give us some more details on what's happening?  Which device are you using?",information_request,False,Routine information request.,The customer is primarily asking for information or instructions.
453997,2017-11-30 22:27:11+00:00,I just got my iPhone 8+ two days ago and my camera isn’t working @AppleSupport what’s up??,453995,Thu Nov 30 22:45:28 +0000 2017,"@222746 Hey, that's not the experience we want you to have with your new iPhone. Let's see what's going on. First, can you tell us what happens when you try to use the camera? Also, can you tell us the exact iOS version currently installed?",app_or_feature_issue,False,Routine app or feature troubleshooting.,"The problem is tied to a specific Apple app, service, or feature."
453902,2017-11-30 22:57:35+00:00,"Ok, @AppleSupport, it’s getting out of hand. Caught up on all updates and I get the “may not be supported” message when phone is plugged into my Mac. Can this stop, please?",453901,Thu Nov 30 23:08:52 +0000 2017,@222716 We'd be happy to help. Send us a DM and we'll go from there. https://t.co/GDrqU22YpT,app_or_feature_issue,False,Routine app or feature troubleshooting.,"The problem is tied to a specific Apple app, service, or feature."
458410,2017-12-01 00:39:01+00:00,@AppleSupport my iPhone X called my parents while locked and in my pockets. Any idea how that might have happened?,458409,Fri Dec 01 01:03:51 +0000 2017,@223863 Thanks for reaching out to us. We're happy to help. There are several ways to dial a number without physically interacting with your device. Send us a DM so we can investigate. https://t.co/GDrqU22YpT,account_security,True,Account or security concern.,"The message concerns account access, authentication, suspicious activity, or security."
462043,2017-12-01 02:18:15+00:00,My phone has been straight Trash and constantly freezing/apps crashing since this update WTF @115858,462042,Fri Dec 01 02:25:30 +0000 2017,@224804 Help is here! Shoot us a DM and we'll be glad to address your concerns and get your iPhone responding fluidly again. Tap here to meet us there: https://t.co/GDrqU22YpT,software_update,False,Routine software update troubleshooting.,The message identifies an operating-system update as the main issue or cause.
462036,2017-12-01 02:21:00+00:00,@AppleSupport and my apps and home screen are constantly freezing,462035,Fri Dec 01 02:28:00 +0000 2017,"@224801 We'd love to help. Can you DM us your complete software version from Settings &gt; General &gt; About, next to version? https://t.co/GDrqU22YpT",device_performance,False,Routine device troubleshooting.,"The main problem is general device instability, freezing, crashing, restarting, shutdown, lag, or battery behavior."
483182,2017-12-01 08:20:21+00:00,@118845 How do I go about getting my Powerbeats repaired? Got a pair for graduation in May and they already won’t turn on. Charge just fine. Thanks!,483181,Fri Dec 01 14:35:35 +0000 2017,@229922 Thanks for reaching out to us. We are always happy to help. Send us a DM. We'd be happy to look into your options with you there. https://t.co/GDrqU22YpT,purchase_repair_support,True,"Purchase, repair, replacement, or service requires support.","The customer needs purchase, repair, replacement, warranty, refund, or service support."
486192,2017-12-01 11:33:12+00:00,@193129 @AppleSupport I mean I was on 7% 25 mins ago so it must be kinda charging 😅 https://t.co/hgkhHLuUhl,486191,Fri Dec 01 15:26:28 +0000 2017,@144500 We know how important it is to have your iPad charging up and ready for the day. Let us know if these steps help: https://t.co/uqxquyfdn0,device_performance,False,Routine device troubleshooting.,"The main problem is general device instability, freezing, crashing, restarting, shutdown, lag, or battery behavior."
491442,2017-12-01 16:21:15+00:00,@115858 is worth Billions of dollars and can’t fix this it ( I.T ) problem. First it was the I crap bullshit now it’s this I.T come on get it together already. So frustrating,491441,Fri Dec 01 17:04:00 +0000 2017,"@232091 We can assist with this issue. As a first step try this. Go to Settings &gt; General &gt; Reset and choose Reset Keyboard Dictionaries. Then reboot the device and test. If the issue persists after that, let us know what device and iOS version your on via a DM. https://t.co/GDrqU22YpT",app_or_feature_issue,False,Routine app or feature troubleshooting.,"The problem is tied to a specific Apple app, service, or feature."
488066,2017-12-01 17:58:10+00:00,"@AppleSupport Thank you! It wasn’t gone, it just moved. 😊",488068,Fri Dec 01 18:47:30 +0000 2017,@231180 We’re always happy to help. Have a wonderful day!,unclear,True,Insufficient information to safely determine the issue.,There is not enough information in the customer message to determine the issue confidently.
498574,2017-12-01 18:38:53+00:00,@AppleSupport why i can reproduce the videos in my gallery? 😢😢😢 https://t.co/PWBBZ3VIFq,498573,Fri Dec 01 19:08:00 +0000 2017,@234018 We'll gladly do all we can to help. Are you asking how to duplicate videos?,app_or_feature_issue,False,Routine app or feature troubleshooting.,"The problem is tied to a specific Apple app, service, or feature."
501506,2017-12-01 19:54:30+00:00,"@AppleSupport Wait it’s not any apps, it reset itself earlier when I wasn’t even touching it..",501508,Fri Dec 01 20:53:35 +0000 2017,@234820 Thanks for the clarification. We'd like to look into some options from here. Can you DM us the country you're currently located in? https://t.co/GDrqU22YpT,device_performance,False,Routine device troubleshooting.,"The main problem is general device instability, freezing, crashing, restarting, shutdown, lag, or battery behavior."
505127,2017-12-01 21:05:16+00:00,@AppleSupport Gmail accounts won’t go online. Tried to sign in via Accounts in system preferences but it won’t let me go beyond entering my passwords.,505129,Fri Dec 01 21:29:31 +0000 2017,"@235807 Thank you for clarifying. We know you need access to your mail and we want to help. Let's go to your account via a web browser, such as Safari. Are you able to check your mail there?",account_security,True,Account or security concern.,"The message concerns account access, authentication, suspicious activity, or security."
506522,2017-12-01 21:27:09+00:00,@AppleSupport Recent*,506523,Fri Dec 01 21:49:00 +0000 2017,@236224 Thanks for confirming that. Can you provide us which iOS version is on your device?,unclear,True,Insufficient information to safely determine the issue.,There is not enough information in the customer message to determine the issue confidently.
509596,2017-12-01 21:43:21+00:00,@AppleSupport Auto-correct not working on anything other than whatsapp. Settings all seem to be fine https://t.co/IjMy4uZxkl,509595,Fri Dec 01 22:16:25 +0000 2017,@155253 OK. Let's work together in DM on this. Send over the version of iOS you're running under Settings &gt; General &gt; About using the following link. https://t.co/GDrqU22YpT,app_or_feature_issue,False,Routine app or feature troubleshooting.,"The problem is tied to a specific Apple app, service, or feature."
511171,2017-12-01 22:07:01+00:00,"What’s up with iOS 11, @AppleSupport? IPhone 7 Plus rendered unusable after the update.",511169,Fri Dec 01 22:48:56 +0000 2017,@237488 We want to help. What issues are you experiencing with your iPhone?,information_request,False,Routine information request.,The customer is primarily asking for information or instructions.
484609,2017-12-01 22:18:34+00:00,@AppleSupport Solved. In safe mode they looked good. With this last restart now it seems that they're displayed correctly. Thanks.,484610,Fri Dec 01 22:54:00 +0000 2017,@230324 You’re welcome. Please feel free to reach out any time you have questions or concerns. Hope you have a good day.,device_performance,False,Routine device troubleshooting.,"The main problem is general device instability, freezing, crashing, restarting, shutdown, lag, or battery behavior."
506471,2017-12-01 22:23:05+00:00,@AppleSupport she said she can listen to the songs unless i’m listening to apple music on my phone . we both get a message that says “looks like you’re listening on another device”,506472,Fri Dec 01 23:08:00 +0000 2017,"@236213 Reach out to us via DM, then we can advise you on this from there. https://t.co/GDrqU22YpT",app_or_feature_issue,False,Routine app or feature troubleshooting.,"The problem is tied to a specific Apple app, service, or feature."
523046,2017-12-02 03:39:47+00:00,@231307 @AppleSupport Might be related to specific settings/app installs?,523045,Sat Dec 02 04:15:11 +0000 2017,@240840 We'd like to help you out. DM us and we can get started. https://t.co/GDrqU2kzhr,unclear,True,Insufficient information to safely determine the issue.,There is not enough information in the customer message to determine the issue confidently.
538657,2017-12-02 04:49:22+00:00,@AppleSupport how could i fix it when my iphone 7 plus constantly restarting ?,538656,Sat Dec 02 14:34:00 +0000 2017,@244886 We are here to help. Let's take a look at this article and see if these steps help. https://t.co/osZOKKTalm,device_performance,False,Routine device troubleshooting.,"The main problem is general device instability, freezing, crashing, restarting, shutdown, lag, or battery behavior."
539848,2017-12-02 05:43:37+00:00,@AppleSupport help. iPhone 8. iOS 11.1.2 keeps restarting itself!,539847,Sat Dec 02 15:11:28 +0000 2017,@245201 We're happy to help! Please check out the following article: https://t.co/osZOKKTalm If you need to update the iOS be sure to create a backup before beginning. DM us if you have additional questions.,device_performance,False,Routine device troubleshooting.,"The main problem is general device instability, freezing, crashing, restarting, shutdown, lag, or battery behavior."
541208,2017-12-02 05:52:06+00:00,"Using @115858 airpod ! impressed with smooth connectivity , battery and sound quality of it. One issue how to enable automatically answering incoming call ?? @AppleSupport",541207,Sat Dec 02 15:15:39 +0000 2017,"@245556 Being able to automatically answer calls with your AirPods isn’t an available feature. However, we always want to hear how our customers want to use their devices. You can leave your feedback here: https://t.co/eTPVYVFyd8",information_request,False,Routine information request.,The customer is primarily asking for information or instructions.
542326,2017-12-02 07:56:01+00:00,@AppleSupport my iPhone keeps crashing. Seems to be a worldwide problem on iOS 11.1.2 looking at the online forums. Is there a fix that doesn’t involve changing the date.,542325,Sat Dec 02 16:04:31 +0000 2017,"@245865 We know how important it is to have your iPhone running properly, and we'd love to help. Please take a look at the steps listed here: https://t.co/osZOKKTalm  If you're still having trouble, let us know in DM. https://t.co/GDrqU22YpT",device_performance,False,Routine device troubleshooting.,"The main problem is general device instability, freezing, crashing, restarting, shutdown, lag, or battery behavior."
524498,2017-12-02 10:23:45+00:00,@AppleSupport It happen also to me after update ios to version 11.2 please help. My phone is iphone 7plus,524512,Sat Dec 02 17:19:24 +0000 2017,"@241283 You came to the right place, we know you want to get your device working properly again. Follow these steps to resolve it: https://t.co/osZOKKTalm

If you continue to experience this issue or run into questions, DM us. We'll be here for you. https://t.co/GDrqU22YpT",software_update,False,Routine software update troubleshooting.,The message identifies an operating-system update as the main issue or cause.
537610,2017-12-02 10:47:55+00:00,@244614 @AppleSupport A mí se me apaga con 9% de batería 😭,546634,Sat Dec 02 17:24:27 +0000 2017,@247115 We offer support via Twitter in English. Get help in Spanish here: https://t.co/IBIY3vMgPj or join https://t.co/OczyRx7IOs,device_performance,False,Routine device troubleshooting.,"The main problem is general device instability, freezing, crashing, restarting, shutdown, lag, or battery behavior."
550770,2017-12-02 13:37:10+00:00,@AppleSupport I downloaded iOS 11.2. Where is the Apple Pay icon? It never appears and I use Apple Pay all of the time at retailers and online transactions. #SoSadAboutIt,550769,Sat Dec 02 18:54:52 +0000 2017,@247591 We'd be happy to look into this with you more in detail.  Please reach out to us via DM and we'll get started. https://t.co/GDrqU22YpT,app_or_feature_issue,False,Routine app or feature troubleshooting.,"The problem is tied to a specific Apple app, service, or feature."
550693,2017-12-02 14:11:39+00:00,@115858 my iPhone won’t stop rebooting every 30 seconds! Driving me insane!!,550691,Sat Dec 02 19:06:00 +0000 2017,"@248287 We know that the performance of your device is important and we'll do everything we can to resolve this. To get started, let's update to iOS 11.2 to resolve the restart issue. Here's the link below:

https://t.co/osZOKKTalm",device_performance,False,Routine device troubleshooting.,"The main problem is general device instability, freezing, crashing, restarting, shutdown, lag, or battery behavior."
552164,2017-12-02 14:48:00+00:00,Is anyone else’s iPhone spontaneously crashing and restarting this morning? @AppleSupport,552163,Sat Dec 02 19:28:00 +0000 2017,"@248723 We've got steps to solve that restart issue on your iPhone. Let's start by backing up your iPhone with these steps: https://t.co/4f8hwTn4fE, then use these steps to update to iOS 11.2: https://t.co/osZOKKByWM Let us know in DM if those don't help. https://t.co/GDrqU2kzhr",device_performance,False,Routine device troubleshooting.,"The main problem is general device instability, freezing, crashing, restarting, shutdown, lag, or battery behavior."
552078,2017-12-02 15:14:23+00:00,@AppleSupport I've updated to the lates iOS and this morning my phone is acting crazy. It keeps closing out and making me sign back in. I've shutdown three times and the problem is still there. Please look into this. Pic of screen attached. https://t.co/q5xliIBdkz,552077,Sat Dec 02 19:36:31 +0000 2017,@248693 Thanks for reaching out to us for support. We would love to help you. Please DM us so that we can look into this together. https://t.co/GDrqU22YpT,software_update,False,Routine software update troubleshooting.,The message identifies an operating-system update as the main issue or cause.
553661,2017-12-02 15:56:18+00:00,Dear @AppleSupport your iOS update 11.2 broke my visual voicemail. https://t.co/JTJt5dGYKf,553659,Sat Dec 02 19:56:25 +0000 2017,"@249146 Thanks for reaching out. Since the update have you completed a normal restart of your iPhone? If not, do so now and let us know the results. We want to ensure your visual voicemail is working again.",software_update,False,Routine software update troubleshooting.,The message identifies an operating-system update as the main issue or cause.
553564,2017-12-02 16:21:54+00:00,Hi @115858 @AppleSupport I didn’t subscribe to @25269 hooq_sg. Please clarify if this email is LEGIT. https://t.co/J9Cm687Lft,553563,Sat Dec 02 20:04:03 +0000 2017,@249111 That looks like phishing and not from us. More info on phishing and how to avoid it here: https://t.co/LNMCdqt6fD,app_or_feature_issue,False,Routine app or feature troubleshooting.,"The problem is tied to a specific Apple app, service, or feature."
556915,2017-12-02 18:53:55+00:00,"@AppleSupport Unable to restore phones, keep seeing server issue? What's going on",556913,Sat Dec 02 20:52:00 +0000 2017,@250043 Let's work on this together. Does this happen when you're restoring using iTunes? Or from your iPhone settings?,unclear,True,Insufficient information to safely determine the issue.,There is not enough information in the customer message to determine the issue confidently.
556069,2017-12-02 19:47:22+00:00,@AppleSupport upgraded to iOS 11.2 and now I get a vibration with almost every action I do on my X. How do I stop this.,556068,Sat Dec 02 21:08:00 +0000 2017,"@249894 Thanks for reaching out to us about this. We'd be more than happy to help, just shoot us a DM with any details and we'll go from there. https://t.co/GDrqU22YpT",information_request,False,Routine information request.,The customer is primarily asking for information or instructions.
556055,2017-12-02 19:58:10+00:00,@AppleSupport my phone keeps restarting every 2 minutes. What’s going on?!,556054,Sat Dec 02 21:09:24 +0000 2017,@249889 Let's see about getting your iPhone running more smoothly. Start by taking the steps listed in this support article: https://t.co/osZOKKTalm Be sure to follow the steps as listed for the best experience. Let us know if that helps please.,device_performance,False,Routine device troubleshooting.,"The main problem is general device instability, freezing, crashing, restarting, shutdown, lag, or battery behavior."
542413,2017-12-02 20:26:39+00:00,@AppleSupport Yes mine has been going on for a week he just got his phone yesterday it. It keep saying the music is unavailable for download on every song.,542414,Sat Dec 02 21:28:54 +0000 2017,@245891 Thanks for that info. We'd like to look into this further. Let's meet in DM. https://t.co/GDrqU22YpT,app_or_feature_issue,False,Routine app or feature troubleshooting.,"The problem is tied to a specific Apple app, service, or feature."
557852,2017-12-02 20:31:33+00:00,@250299 Same here. Read 3times - still none the wiser. Plus what is this new 3rd button state they got going on. Is my Bluetooth on or off @115858 ? https://t.co/Ll8Eg3mw51,557850,Sat Dec 02 21:28:27 +0000 2017,"@250298 We'd be glad to answer this. Regarding the Bluetooth states in Control center, white means that Bluetooth is enabled, but not connected to anything currently. Let us know if you have additional questions.",connectivity,False,Routine connectivity troubleshooting.,"The main problem involves Wi-Fi, Bluetooth, cellular, calls, or another connection."
553667,2017-12-02 21:28:36+00:00,"@AppleSupport yes, i already tried restarting.",553668,Sat Dec 02 21:54:55 +0000 2017,@249147 Let's reach out to our iTunes Support team about this issue. https://t.co/YZKYT7KOTB,device_performance,False,Routine device troubleshooting.,"The main problem is general device instability, freezing, crashing, restarting, shutdown, lag, or battery behavior."
559156,2017-12-02 21:36:10+00:00,I can’t believe I’m forced to either format my iphone or buy an X with the latest update. @115858 ???,559155,Sat Dec 02 21:55:00 +0000 2017,"@250675 We'd like to learn more about what's going on with your iPhone. Send us a DM with the details about what's happening, along with the country you're located in. We'll see what we can do to help. https://t.co/GDrqU22YpT",software_update,False,Routine software update troubleshooting.,The message identifies an operating-system update as the main issue or cause.
559036,2017-12-02 21:59:30+00:00,@AppleSupport trying to download disney infinity on iPad but unable to locate it. Please advise how to recover. Thanks.,559034,Sat Dec 02 22:08:00 +0000 2017,"@250648 So that we're on the same page, you had this installed in the past, but deleted it?",information_request,False,Routine information request.,The customer is primarily asking for information or instructions.
559023,2017-12-02 22:02:37+00:00,"@AppleSupport my MacBook Pro won’t esc the backlit volume/light bar and I can’t use keys, or use apple menu to force quit apps or restart.",559022,Sat Dec 02 22:10:00 +0000 2017,@250645 We'd be happy to look into this with you more in detail.  Please reach out to us via DM and we'll get started. https://t.co/GDrqU22YpT,device_performance,False,Routine device troubleshooting.,"The main problem is general device instability, freezing, crashing, restarting, shutdown, lag, or battery behavior."
559011,2017-12-02 22:13:35+00:00,@AppleSupport iPhone 7. iOS 11.1.2 (15B202). A week ago. After the last update.,559013,Sat Dec 02 22:22:31 +0000 2017,"@250642 Got it. We just released iOS 11.2, and one of the enhancements is designed to address this concern. Please update from Settings &gt; General &gt; Software Update or via iTunes, and let us know if you have further concerns.",software_update,False,Routine software update troubleshooting.,The message identifies an operating-system update as the main issue or cause.
565942,2017-12-03 01:03:40+00:00,@AppleSupport Fixed it,565944,Sun Dec 03 01:13:53 +0000 2017,@252656 Great to hear! Reach out again in the future if we can be of further assistance.,unclear,True,Insufficient information to safely determine the issue.,There is not enough information in the customer message to determine the issue confidently.
566814,2017-12-03 01:25:39+00:00,@AppleSupport I’ve got my phone plugged into my computer and trying to get my photos from the photos app to iTunes but there’s no option/I don’t really know how it’s done because google didn’t help me,566816,Sun Dec 03 01:45:00 +0000 2017,@252893 DM us and we'll continue from there. What are you seeing when you go to your iPhone inside iTunes? https://t.co/GDrqU22YpT,app_or_feature_issue,False,Routine app or feature troubleshooting.,"The problem is tied to a specific Apple app, service, or feature."
567680,2017-12-03 01:39:08+00:00,"@115858 If I wanted Bluetooth on, ad put it on. Stop activating it when a switch ma phone on or click off airplane mode. Fucking get this sorted pronto",567678,Sun Dec 03 01:52:00 +0000 2017,"@253150 We can offer some guidance on this. Does Bluetooth switch back on when it’s turned off in Settings as described here: https://t.co/G7BHuQnDS6

Let us know in DM, and we’ll go from there. https://t.co/GDrqU22YpT",connectivity,False,Routine connectivity troubleshooting.,"The main problem involves Wi-Fi, Bluetooth, cellular, calls, or another connection."
569252,2017-12-03 03:01:21+00:00,"Hey @AppleSupport, did you guys get rid of the ringtone option on @118721? I made a ringtone and I can't get it to important. Please help. This is driving me crazy!!!",569250,Sun Dec 03 03:07:30 +0000 2017,@211148 We'd love to help! This article goes over how to sync Tones in iTunes: https://t.co/Pm4DavkQln,app_or_feature_issue,False,Routine app or feature troubleshooting.,"The problem is tied to a specific Apple app, service, or feature."
553640,2017-12-03 03:32:45+00:00,@AppleSupport Thank you for replying yes after I exited and closed the app my screen returned to the portrait position.,553642,Sun Dec 03 03:40:29 +0000 2017,"@249140 To confirm, it sounds like your issue is resolved? If not, please DM us and we'll continue there.",app_or_feature_issue,False,Routine app or feature troubleshooting.,"The problem is tied to a specific Apple app, service, or feature."
601355,2017-12-03 04:07:06+00:00,Hey @116333 and @AppleSupport what in God’s name is going on in Cupertino? I let the MacOS High Sierra bug slide by. But now you updated iOS to 11.2 without the features claimed and pretty much hobbled Maps with messed up GPS info. You are better than this!,601354,Sun Dec 03 21:41:26 +0000 2017,"@262661 Hey, Dan. We'd like to make sure Maps is working as expected for you. DM us details of what's going on, and we'll continue there. https://t.co/GDrqU22YpT",information_request,False,Routine information request.,The customer is primarily asking for information or instructions.
574921,2017-12-03 06:44:11+00:00,@255250 @AppleSupport did you fix this? Currently happening to me,574922,Sun Dec 03 13:59:29 +0000 2017,@255251 We can work together to get this figured out. DM us and we'll work there. https://t.co/GDrqU22YpT,unclear,True,Insufficient information to safely determine the issue.,There is not enough information in the customer message to determine the issue confidently.
583635,2017-12-03 06:47:53+00:00,@AppleSupport upgraded to iOS 11.2 and don’t see Apple Pay Cash card in Wallet or Apple Pay settings. Should I? Is it live yet?,583634,Sun Dec 03 14:02:00 +0000 2017,"@257660 If you're in the US, those features will require iOS 11.2 and will begin rolling out early next week.",app_or_feature_issue,False,Routine app or feature troubleshooting.,"The problem is tied to a specific Apple app, service, or feature."
585923,2017-12-03 09:49:06+00:00,Hi @AppleSupport my old iPhone 6s is shutting down and bugging me out every 20 seconds 😞 please help https://t.co/Fxaxn1qwSU,585921,Sun Dec 03 14:55:31 +0000 2017,@258337 We're sorry to hear this. Let's see what we can do to get it resolved. When did you start seeing these unexpected shutdowns?,device_performance,True,Severe device instability.,"The main problem is general device instability, freezing, crashing, restarting, shutdown, lag, or battery behavior."
585910,2017-12-03 10:26:36+00:00,@258333 @AppleSupport My mom’s and mine to!,585931,Sun Dec 03 14:54:00 +0000 2017,@258339 Thanks for reaching out about this behavior. Does that still continue after taking the steps from this article? https://t.co/osZOKKTalm Let us know your results via a DM. We’ll move from there. https://t.co/GDrqU22YpT,device_performance,False,Routine device troubleshooting.,"The main problem is general device instability, freezing, crashing, restarting, shutdown, lag, or battery behavior."
587046,2017-12-03 11:34:35+00:00,@AppleSupport why doesn’t notes work on the iPhone X also can’t close ebay photos on listings without force closing the app.. want to give me my thousand quid back?,587045,Sun Dec 03 15:21:55 +0000 2017,@258646 We'd like to help. Please tell us more about the issue you're experiencing in DM and we'll go from there. https://t.co/GDrqU22YpT,app_or_feature_issue,False,Routine app or feature troubleshooting.,"The problem is tied to a specific Apple app, service, or feature."
588194,2017-12-03 12:49:35+00:00,"@AppleSupport updated to 11.2, have 2 factor auth on, but do not see the swipe in settings&gt;wallet to enable apple cash --- bug???",588193,Sun Dec 03 15:43:52 +0000 2017,"@259001 If you're in the US, those features will require iOS 11.2 and will begin rolling out early next week.",software_update,False,Routine software update troubleshooting.,The message identifies an operating-system update as the main issue or cause.
588071,2017-12-03 12:55:29+00:00,"@AppleSupport Hi, I have a problem with video playback in High Sierra. In iTunes, Quicktime and Safari, whenever subtitles or other playback controls appear, the contrast changes, the screen appear brighter, which is very distracting. Similar problem to https://t.co/6zXOiIDWR0",588069,Sun Dec 03 16:00:00 +0000 2017,@258966 Let's work together to get things sorted out.  Have you attempted to reinstall the macOS at any point?,software_update,False,Routine software update troubleshooting.,The message identifies an operating-system update as the main issue or cause.
588114,2017-12-03 13:34:11+00:00,@AppleSupport  Strange!! My phone having iOS 11.2 rebooting after every couple of minutes. Totally Unusable.,588113,Sun Dec 03 15:51:24 +0000 2017,@258980 We definitely want you to have a good experience after the update. We'll do everything we can to help. Does the Apple logo appear when the iPhone reboots or does it just go to the Home screen?,device_performance,False,Routine device troubleshooting.,"The main problem is general device instability, freezing, crashing, restarting, shutdown, lag, or battery behavior."
590889,2017-12-03 15:55:35+00:00,@AppleSupport. Since iOS 11 I can literally watch my battery percentage drop while looking at the screen. No apps open.  No battery problems with iOS 10. Apple please fix. In 30 min percentage dropped from 92% to 52%.,590888,Sun Dec 03 16:56:55 +0000 2017,@259775 Thank you for reaching out to us about this. Your battery life is important to us. We'd like to look deeper into what could be going on with your battery. DM us the exact iOS you are using to get started. https://t.co/GDrqU22YpT,device_performance,False,Routine device troubleshooting.,"The main problem is general device instability, freezing, crashing, restarting, shutdown, lag, or battery behavior."
567614,2017-12-03 17:55:42+00:00,@AppleSupport Any updates please ? Need get this resolved ASAP,567616,Sun Dec 03 18:46:28 +0000 2017,@253133 We'd like to continue looking into this with you. Let's reconvene in DM. https://t.co/GDrqU22YpT,unclear,True,Insufficient information to safely determine the issue.,There is not enough information in the customer message to determine the issue confidently.
596879,2017-12-03 18:55:41+00:00,"Nothing will load, my apps won’t stay open, I can’t answer calls. @115858 has been pushing my limits with this new release 😡",596878,Sun Dec 03 19:27:00 +0000 2017,@261491 Thanks for reaching out. We can definitely understand your concern. Let;s hop into DM and look into this with you. https://t.co/GDrqU22YpT,device_performance,False,Routine device troubleshooting.,"The main problem is general device instability, freezing, crashing, restarting, shutdown, lag, or battery behavior."
